<Objs Version="1.1.0.1" xmlns="http://schemas.microsoft.com/powershell/2004/04">
  <Obj RefId="0">
    <TN RefId="0">
      <T>Microsoft.PowerShell.Commands.PSRepositoryItemInfo</T>
      <T>System.Management.Automation.PSCustomObject</T>
      <T>System.Object</T>
    </TN>
    <MS>
      <S N="Name">AWS.Tools.SimpleSystemsManagement</S>
      <S N="Version">4.0.5.0</S>
      <S N="Type">Module</S>
      <S N="Description">The SimpleSystemsManagement module of AWS Tools for PowerShell lets developers and administrators manage AWS Systems Manager from the PowerShell scripting environment. In order to manage each AWS service, install the corresponding module (e.g. AWS.Tools.EC2, AWS.Tools.S3...)._x000D__x000A_The module AWS.Tools.Installer (https://www.powershellgallery.com/packages/AWS.Tools.Installer/) makes it easier to install, update and uninstall the AWS.Tools modules._x000D__x000A_This version of AWS Tools for PowerShell is compatible with Windows PowerShell 5.1+ and PowerShell Core 6+ on Windows, Linux and macOS. When running on Windows PowerShell, .NET Framework 4.7.2 or newer is required. Alternative modules AWSPowerShell.NetCore and AWSPowerShell, provide support for all AWS services from a single module and also support older versions of Windows PowerShell and .NET Framework.</S>
      <S N="Author">Amazon.com Inc</S>
      <S N="CompanyName">aws-dotnet-sdk-team</S>
      <S N="Copyright">Copyright 2012-2020 Amazon.com, Inc. or its affiliates. All Rights Reserved.</S>
      <DT N="PublishedDate">2020-03-13T17:04:30+00:00</DT>
      <Nil N="InstalledDate" />
      <Nil N="UpdatedDate" />
      <URI N="LicenseUri">https://aws.amazon.com/apache-2-0/</URI>
      <URI N="ProjectUri">https://github.com/aws/aws-tools-for-powershell</URI>
      <URI N="IconUri">https://sdk-for-net.amazonwebservices.com/images/AWSLogo128x128.png</URI>
      <Obj N="Tags" RefId="1">
        <TN RefId="1">
          <T>System.Object[]</T>
          <T>System.Array</T>
          <T>System.Object</T>
        </TN>
        <LST>
          <S>AWS</S>
          <S>cloud</S>
          <S>Windows</S>
          <S>PSEdition_Desktop</S>
          <S>PSEdition_Core</S>
          <S>Linux</S>
          <S>MacOS</S>
          <S>Mac</S>
          <S>PSModule</S>
        </LST>
      </Obj>
      <Obj N="Includes" RefId="2">
        <TN RefId="2">
          <T>System.Collections.Hashtable</T>
          <T>System.Object</T>
        </TN>
        <DCT>
          <En>
            <S N="Key">Command</S>
            <Obj N="Value" RefId="3">
              <TNRef RefId="1" />
              <LST>
                <S>Add-SSMResourceTag</S>
                <S>Edit-SSMDocumentPermission</S>
                <S>Get-SSMActivation</S>
                <S>Get-SSMAssociation</S>
                <S>Get-SSMAssociationExecution</S>
                <S>Get-SSMAssociationExecutionTarget</S>
                <S>Get-SSMAssociationList</S>
                <S>Get-SSMAssociationVersionList</S>
                <S>Get-SSMAutomationExecution</S>
                <S>Get-SSMAutomationExecutionList</S>
                <S>Get-SSMAutomationStepExecution</S>
                <S>Get-SSMAvailablePatch</S>
                <S>Get-SSMCalendarState</S>
                <S>Get-SSMCommand</S>
                <S>Get-SSMCommandInvocation</S>
                <S>Get-SSMCommandInvocationDetail</S>
                <S>Get-SSMComplianceItemList</S>
                <S>Get-SSMComplianceSummaryList</S>
                <S>Get-SSMConnectionStatus</S>
                <S>Get-SSMDefaultPatchBaseline</S>
                <S>Get-SSMDeployablePatchSnapshotForInstance</S>
                <S>Get-SSMDocument</S>
                <S>Get-SSMDocumentDescription</S>
                <S>Get-SSMDocumentList</S>
                <S>Get-SSMDocumentPermission</S>
                <S>Get-SSMDocumentVersionList</S>
                <S>Get-SSMEffectiveInstanceAssociationList</S>
                <S>Get-SSMEffectivePatchesForPatchBaseline</S>
                <S>Get-SSMInstanceAssociationsStatus</S>
                <S>Get-SSMInstanceInformation</S>
                <S>Get-SSMInstancePatch</S>
                <S>Get-SSMInstancePatchState</S>
                <S>Get-SSMInstancePatchStatesForPatchGroup</S>
                <S>Get-SSMInventory</S>
                <S>Get-SSMInventoryDeletionList</S>
                <S>Get-SSMInventoryEntryList</S>
                <S>Get-SSMInventorySchema</S>
                <S>Get-SSMLatestEC2Image</S>
                <S>Get-SSMMaintenanceWindow</S>
                <S>Get-SSMMaintenanceWindowExecution</S>
                <S>Get-SSMMaintenanceWindowExecutionList</S>
                <S>Get-SSMMaintenanceWindowExecutionTask</S>
                <S>Get-SSMMaintenanceWindowExecutionTaskInvocation</S>
                <S>Get-SSMMaintenanceWindowExecutionTaskInvocationList</S>
                <S>Get-SSMMaintenanceWindowExecutionTaskList</S>
                <S>Get-SSMMaintenanceWindowList</S>
                <S>Get-SSMMaintenanceWindowSchedule</S>
                <S>Get-SSMMaintenanceWindowsForTarget</S>
                <S>Get-SSMMaintenanceWindowTarget</S>
                <S>Get-SSMMaintenanceWindowTask</S>
                <S>Get-SSMMaintenanceWindowTaskList</S>
                <S>Get-SSMOpsItem</S>
                <S>Get-SSMOpsItemSummary</S>
                <S>Get-SSMOpsSummary</S>
                <S>Get-SSMParameter</S>
                <S>Get-SSMParameterHistory</S>
                <S>Get-SSMParameterList</S>
                <S>Get-SSMParametersByPath</S>
                <S>Get-SSMParameterValue</S>
                <S>Get-SSMPatchBaseline</S>
                <S>Get-SSMPatchBaselineDetail</S>
                <S>Get-SSMPatchBaselineForPatchGroup</S>
                <S>Get-SSMPatchGroup</S>
                <S>Get-SSMPatchGroupState</S>
                <S>Get-SSMPatchProperty</S>
                <S>Get-SSMResourceComplianceSummaryList</S>
                <S>Get-SSMResourceDataSync</S>
                <S>Get-SSMResourceTag</S>
                <S>Get-SSMServiceSetting</S>
                <S>Get-SSMSession</S>
                <S>New-SSMActivation</S>
                <S>New-SSMAssociation</S>
                <S>New-SSMAssociationFromBatch</S>
                <S>New-SSMDocument</S>
                <S>New-SSMMaintenanceWindow</S>
                <S>New-SSMOpsItem</S>
                <S>New-SSMPatchBaseline</S>
                <S>New-SSMResourceDataSync</S>
                <S>Register-SSMDefaultPatchBaseline</S>
                <S>Register-SSMPatchBaselineForPatchGroup</S>
                <S>Register-SSMTargetWithMaintenanceWindow</S>
                <S>Register-SSMTaskWithMaintenanceWindow</S>
                <S>Remove-SSMActivation</S>
                <S>Remove-SSMAssociation</S>
                <S>Remove-SSMDocument</S>
                <S>Remove-SSMInventory</S>
                <S>Remove-SSMMaintenanceWindow</S>
                <S>Remove-SSMParameter</S>
                <S>Remove-SSMParameterCollection</S>
                <S>Remove-SSMPatchBaseline</S>
                <S>Remove-SSMResourceDataSync</S>
                <S>Remove-SSMResourceTag</S>
                <S>Reset-SSMServiceSetting</S>
                <S>Resume-SSMSession</S>
                <S>Send-SSMAutomationSignal</S>
                <S>Send-SSMCommand</S>
                <S>Set-SSMParameterVersionLabel</S>
                <S>Start-SSMAssociationsOnce</S>
                <S>Start-SSMAutomationExecution</S>
                <S>Start-SSMSession</S>
                <S>Stop-SSMAutomationExecution</S>
                <S>Stop-SSMCommand</S>
                <S>Stop-SSMMaintenanceWindowExecution</S>
                <S>Stop-SSMSession</S>
                <S>Unregister-SSMManagedInstance</S>
                <S>Unregister-SSMPatchBaselineForPatchGroup</S>
                <S>Unregister-SSMTargetFromMaintenanceWindow</S>
                <S>Unregister-SSMTaskFromMaintenanceWindow</S>
                <S>Update-SSMAssociation</S>
                <S>Update-SSMAssociationStatus</S>
                <S>Update-SSMDocument</S>
                <S>Update-SSMDocumentDefaultVersion</S>
                <S>Update-SSMMaintenanceWindow</S>
                <S>Update-SSMMaintenanceWindowTarget</S>
                <S>Update-SSMMaintenanceWindowTask</S>
                <S>Update-SSMManagedInstanceRole</S>
                <S>Update-SSMOpsItem</S>
                <S>Update-SSMPatchBaseline</S>
                <S>Update-SSMResourceDataSync</S>
                <S>Update-SSMServiceSetting</S>
                <S>Write-SSMComplianceItem</S>
                <S>Write-SSMInventory</S>
                <S>Write-SSMParameter</S>
              </LST>
            </Obj>
          </En>
          <En>
            <S N="Key">RoleCapability</S>
            <Obj N="Value" RefId="4">
              <TNRef RefId="1" />
              <LST />
            </Obj>
          </En>
          <En>
            <S N="Key">Cmdlet</S>
            <Obj N="Value" RefId="5">
              <TNRef RefId="1" />
              <LST>
                <S>Add-SSMResourceTag</S>
                <S>Edit-SSMDocumentPermission</S>
                <S>Get-SSMActivation</S>
                <S>Get-SSMAssociation</S>
                <S>Get-SSMAssociationExecution</S>
                <S>Get-SSMAssociationExecutionTarget</S>
                <S>Get-SSMAssociationList</S>
                <S>Get-SSMAssociationVersionList</S>
                <S>Get-SSMAutomationExecution</S>
                <S>Get-SSMAutomationExecutionList</S>
                <S>Get-SSMAutomationStepExecution</S>
                <S>Get-SSMAvailablePatch</S>
                <S>Get-SSMCalendarState</S>
                <S>Get-SSMCommand</S>
                <S>Get-SSMCommandInvocation</S>
                <S>Get-SSMCommandInvocationDetail</S>
                <S>Get-SSMComplianceItemList</S>
                <S>Get-SSMComplianceSummaryList</S>
                <S>Get-SSMConnectionStatus</S>
                <S>Get-SSMDefaultPatchBaseline</S>
                <S>Get-SSMDeployablePatchSnapshotForInstance</S>
                <S>Get-SSMDocument</S>
                <S>Get-SSMDocumentDescription</S>
                <S>Get-SSMDocumentList</S>
                <S>Get-SSMDocumentPermission</S>
                <S>Get-SSMDocumentVersionList</S>
                <S>Get-SSMEffectiveInstanceAssociationList</S>
                <S>Get-SSMEffectivePatchesForPatchBaseline</S>
                <S>Get-SSMInstanceAssociationsStatus</S>
                <S>Get-SSMInstanceInformation</S>
                <S>Get-SSMInstancePatch</S>
                <S>Get-SSMInstancePatchState</S>
                <S>Get-SSMInstancePatchStatesForPatchGroup</S>
                <S>Get-SSMInventory</S>
                <S>Get-SSMInventoryDeletionList</S>
                <S>Get-SSMInventoryEntryList</S>
                <S>Get-SSMInventorySchema</S>
                <S>Get-SSMLatestEC2Image</S>
                <S>Get-SSMMaintenanceWindow</S>
                <S>Get-SSMMaintenanceWindowExecution</S>
                <S>Get-SSMMaintenanceWindowExecutionList</S>
                <S>Get-SSMMaintenanceWindowExecutionTask</S>
                <S>Get-SSMMaintenanceWindowExecutionTaskInvocation</S>
                <S>Get-SSMMaintenanceWindowExecutionTaskInvocationList</S>
                <S>Get-SSMMaintenanceWindowExecutionTaskList</S>
                <S>Get-SSMMaintenanceWindowList</S>
                <S>Get-SSMMaintenanceWindowSchedule</S>
                <S>Get-SSMMaintenanceWindowsForTarget</S>
                <S>Get-SSMMaintenanceWindowTarget</S>
                <S>Get-SSMMaintenanceWindowTask</S>
                <S>Get-SSMMaintenanceWindowTaskList</S>
                <S>Get-SSMOpsItem</S>
                <S>Get-SSMOpsItemSummary</S>
                <S>Get-SSMOpsSummary</S>
                <S>Get-SSMParameter</S>
                <S>Get-SSMParameterHistory</S>
                <S>Get-SSMParameterList</S>
                <S>Get-SSMParametersByPath</S>
                <S>Get-SSMParameterValue</S>
                <S>Get-SSMPatchBaseline</S>
                <S>Get-SSMPatchBaselineDetail</S>
                <S>Get-SSMPatchBaselineForPatchGroup</S>
                <S>Get-SSMPatchGroup</S>
                <S>Get-SSMPatchGroupState</S>
                <S>Get-SSMPatchProperty</S>
                <S>Get-SSMResourceComplianceSummaryList</S>
                <S>Get-SSMResourceDataSync</S>
                <S>Get-SSMResourceTag</S>
                <S>Get-SSMServiceSetting</S>
                <S>Get-SSMSession</S>
                <S>New-SSMActivation</S>
                <S>New-SSMAssociation</S>
                <S>New-SSMAssociationFromBatch</S>
                <S>New-SSMDocument</S>
                <S>New-SSMMaintenanceWindow</S>
                <S>New-SSMOpsItem</S>
                <S>New-SSMPatchBaseline</S>
                <S>New-SSMResourceDataSync</S>
                <S>Register-SSMDefaultPatchBaseline</S>
                <S>Register-SSMPatchBaselineForPatchGroup</S>
                <S>Register-SSMTargetWithMaintenanceWindow</S>
                <S>Register-SSMTaskWithMaintenanceWindow</S>
                <S>Remove-SSMActivation</S>
                <S>Remove-SSMAssociation</S>
                <S>Remove-SSMDocument</S>
                <S>Remove-SSMInventory</S>
                <S>Remove-SSMMaintenanceWindow</S>
                <S>Remove-SSMParameter</S>
                <S>Remove-SSMParameterCollection</S>
                <S>Remove-SSMPatchBaseline</S>
                <S>Remove-SSMResourceDataSync</S>
                <S>Remove-SSMResourceTag</S>
                <S>Reset-SSMServiceSetting</S>
                <S>Resume-SSMSession</S>
                <S>Send-SSMAutomationSignal</S>
                <S>Send-SSMCommand</S>
                <S>Set-SSMParameterVersionLabel</S>
                <S>Start-SSMAssociationsOnce</S>
                <S>Start-SSMAutomationExecution</S>
                <S>Start-SSMSession</S>
                <S>Stop-SSMAutomationExecution</S>
                <S>Stop-SSMCommand</S>
                <S>Stop-SSMMaintenanceWindowExecution</S>
                <S>Stop-SSMSession</S>
                <S>Unregister-SSMManagedInstance</S>
                <S>Unregister-SSMPatchBaselineForPatchGroup</S>
                <S>Unregister-SSMTargetFromMaintenanceWindow</S>
                <S>Unregister-SSMTaskFromMaintenanceWindow</S>
                <S>Update-SSMAssociation</S>
                <S>Update-SSMAssociationStatus</S>
                <S>Update-SSMDocument</S>
                <S>Update-SSMDocumentDefaultVersion</S>
                <S>Update-SSMMaintenanceWindow</S>
                <S>Update-SSMMaintenanceWindowTarget</S>
                <S>Update-SSMMaintenanceWindowTask</S>
                <S>Update-SSMManagedInstanceRole</S>
                <S>Update-SSMOpsItem</S>
                <S>Update-SSMPatchBaseline</S>
                <S>Update-SSMResourceDataSync</S>
                <S>Update-SSMServiceSetting</S>
                <S>Write-SSMComplianceItem</S>
                <S>Write-SSMInventory</S>
                <S>Write-SSMParameter</S>
              </LST>
            </Obj>
          </En>
          <En>
            <S N="Key">DscResource</S>
            <Ref N="Value" RefId="4" />
          </En>
          <En>
            <S N="Key">Workflow</S>
            <Ref N="Value" RefId="4" />
          </En>
          <En>
            <S N="Key">Function</S>
            <Ref N="Value" RefId="4" />
          </En>
        </DCT>
      </Obj>
      <Nil N="PowerShellGetFormatVersion" />
      <S N="ReleaseNotes">https://github.com/aws/aws-tools-for-powershell/blob/master/CHANGELOG.md</S>
      <Obj N="Dependencies" RefId="6">
        <TNRef RefId="1" />
        <LST>
          <Obj RefId="7">
            <TN RefId="3">
              <T>System.Collections.Specialized.OrderedDictionary</T>
              <T>System.Object</T>
            </TN>
            <DCT>
              <En>
                <S N="Key">Name</S>
                <S N="Value">AWS.Tools.Common</S>
              </En>
              <En>
                <S N="Key">RequiredVersion</S>
                <S N="Value">4.0.5</S>
              </En>
              <En>
                <S N="Key">CanonicalId</S>
                <S N="Value">nuget:AWS.Tools.Common/[4.0.5]</S>
              </En>
            </DCT>
          </Obj>
        </LST>
      </Obj>
      <S N="RepositorySourceLocation">https://www.powershellgallery.com/api/v2</S>
      <S N="Repository">PSGallery</S>
      <S N="PackageManagementProvider">NuGet</S>
      <Obj N="AdditionalMetadata" RefId="8">
        <TN RefId="4">
          <T>System.Management.Automation.PSCustomObject</T>
          <T>System.Object</T>
        </TN>
        <MS>
          <S N="copyright">Copyright 2012-2020 Amazon.com, Inc. or its affiliates. All Rights Reserved.</S>
          <S N="description">The SimpleSystemsManagement module of AWS Tools for PowerShell lets developers and administrators manage AWS Systems Manager from the PowerShell scripting environment. In order to manage each AWS service, install the corresponding module (e.g. AWS.Tools.EC2, AWS.Tools.S3...)._x000D__x000A_The module AWS.Tools.Installer (https://www.powershellgallery.com/packages/AWS.Tools.Installer/) makes it easier to install, update and uninstall the AWS.Tools modules._x000D__x000A_This version of AWS Tools for PowerShell is compatible with Windows PowerShell 5.1+ and PowerShell Core 6+ on Windows, Linux and macOS. When running on Windows PowerShell, .NET Framework 4.7.2 or newer is required. Alternative modules AWSPowerShell.NetCore and AWSPowerShell, provide support for all AWS services from a single module and also support older versions of Windows PowerShell and .NET Framework.</S>
          <S N="requireLicenseAcceptance">False</S>
          <S N="releaseNotes">https://github.com/aws/aws-tools-for-powershell/blob/master/CHANGELOG.md</S>
          <S N="isLatestVersion">False</S>
          <S N="isAbsoluteLatestVersion">False</S>
          <S N="versionDownloadCount">12943</S>
          <S N="downloadCount">32769</S>
          <S N="packageSize">589541</S>
          <S N="published">3/13/2020 5:04:30 PM +00:00</S>
          <S N="created">3/13/2020 5:04:30 PM +00:00</S>
          <S N="lastUpdated">7/9/2020 5:50:31 PM +01:00</S>
          <S N="tags">AWS cloud Windows PSEdition_Desktop PSEdition_Core Linux MacOS Mac PSModule</S>
          <S N="developmentDependency">False</S>
          <S N="updated">2020-07-09T17:50:31Z</S>
          <S N="NormalizedVersion">4.0.5</S>
          <S N="Authors">Amazon.com Inc</S>
          <S N="IsPrerelease">false</S>
          <S N="ItemType">Module</S>
          <S N="FileList">AWS.Tools.SimpleSystemsManagement.nuspec|AWS.Tools.SimpleSystemsManagement.Aliases.psm1|AWS.Tools.SimpleSystemsManagement.Completers.psm1|AWS.Tools.SimpleSystemsManagement.dll|AWS.Tools.SimpleSystemsManagement.dll-Help.xml|AWS.Tools.SimpleSystemsManagement.Format.ps1xml|AWS.Tools.SimpleSystemsManagement.psd1|AWS.Tools.SimpleSystemsManagement.XML|AWSSDK.SimpleSystemsManagement.dll</S>
          <S N="Cmdlets">Add-SSMResourceTag Edit-SSMDocumentPermission Get-SSMActivation Get-SSMAssociation Get-SSMAssociationExecution Get-SSMAssociationExecutionTarget Get-SSMAssociationList Get-SSMAssociationVersionList Get-SSMAutomationExecution Get-SSMAutomationExecutionList Get-SSMAutomationStepExecution Get-SSMAvailablePatch Get-SSMCalendarState Get-SSMCommand Get-SSMCommandInvocation Get-SSMCommandInvocationDetail Get-SSMComplianceItemList Get-SSMComplianceSummaryList Get-SSMConnectionStatus Get-SSMDefaultPatchBaseline Get-SSMDeployablePatchSnapshotForInstance Get-SSMDocument Get-SSMDocumentDescription Get-SSMDocumentList Get-SSMDocumentPermission Get-SSMDocumentVersionList Get-SSMEffectiveInstanceAssociationList Get-SSMEffectivePatchesForPatchBaseline Get-SSMInstanceAssociationsStatus Get-SSMInstanceInformation Get-SSMInstancePatch Get-SSMInstancePatchState Get-SSMInstancePatchStatesForPatchGroup Get-SSMInventory Get-SSMInventoryDeletionList Get-SSMInventoryEntryList Get-SSMInventorySchema Get-SSMLatestEC2Image Get-SSMMaintenanceWindow Get-SSMMaintenanceWindowExecution Get-SSMMaintenanceWindowExecutionList Get-SSMMaintenanceWindowExecutionTask Get-SSMMaintenanceWindowExecutionTaskInvocation Get-SSMMaintenanceWindowExecutionTaskInvocationList Get-SSMMaintenanceWindowExecutionTaskList Get-SSMMaintenanceWindowList Get-SSMMaintenanceWindowSchedule Get-SSMMaintenanceWindowsForTarget Get-SSMMaintenanceWindowTarget Get-SSMMaintenanceWindowTask Get-SSMMaintenanceWindowTaskList Get-SSMOpsItem Get-SSMOpsItemSummary Get-SSMOpsSummary Get-SSMParameter Get-SSMParameterHistory Get-SSMParameterList Get-SSMParametersByPath Get-SSMParameterValue Get-SSMPatchBaseline Get-SSMPatchBaselineDetail Get-SSMPatchBaselineForPatchGroup Get-SSMPatchGroup Get-SSMPatchGroupState Get-SSMPatchProperty Get-SSMResourceComplianceSummaryList Get-SSMResourceDataSync Get-SSMResourceTag Get-SSMServiceSetting Get-SSMSession New-SSMActivation New-SSMAssociation New-SSMAssociationFromBatch New-SSMDocument New-SSMMaintenanceWindow New-SSMOpsItem New-SSMPatchBaseline New-SSMResourceDataSync Register-SSMDefaultPatchBaseline Register-SSMPatchBaselineForPatchGroup Register-SSMTargetWithMaintenanceWindow Register-SSMTaskWithMaintenanceWindow Remove-SSMActivation Remove-SSMAssociation Remove-SSMDocument Remove-SSMInventory Remove-SSMMaintenanceWindow Remove-SSMParameter Remove-SSMParameterCollection Remove-SSMPatchBaseline Remove-SSMResourceDataSync Remove-SSMResourceTag Reset-SSMServiceSetting Resume-SSMSession Send-SSMAutomationSignal Send-SSMCommand Set-SSMParameterVersionLabel Start-SSMAssociationsOnce Start-SSMAutomationExecution Start-SSMSession Stop-SSMAutomationExecution Stop-SSMCommand Stop-SSMMaintenanceWindowExecution Stop-SSMSession Unregister-SSMManagedInstance Unregister-SSMPatchBaselineForPatchGroup Unregister-SSMTargetFromMaintenanceWindow Unregister-SSMTaskFromMaintenanceWindow Update-SSMAssociation Update-SSMAssociationStatus Update-SSMDocument Update-SSMDocumentDefaultVersion Update-SSMMaintenanceWindow Update-SSMMaintenanceWindowTarget Update-SSMMaintenanceWindowTask Update-SSMManagedInstanceRole Update-SSMOpsItem Update-SSMPatchBaseline Update-SSMResourceDataSync Update-SSMServiceSetting Write-SSMComplianceItem Write-SSMInventory Write-SSMParameter</S>
          <S N="GUID">edb5d1c1-b090-47b3-a133-a36321592456</S>
          <S N="PowerShellVersion">5.1</S>
          <S N="DotNetFrameworkVersion">4.7.2</S>
          <S N="CompanyName">Amazon.com, Inc</S>
        </MS>
      </Obj>
      <S N="InstalledLocation">C:\Dev\GitHub\PetAdoptions\cdk\pet_stack\lambda\sqlserver-seeder\Modules\AWS.Tools.SimpleSystemsManagement\4.0.5.0</S>
    </MS>
  </Obj>
</Objs>
